{
  "cv_mcc_mean": 0.4372092668360441,
  "cv_mcc_std": 0.06620120367688484,
  "cv_scores": [
    0.3637869821154299,
    0.5280812520749837,
    0.43043478260869567,
    0.36799062281720435,
    0.4957526945639071
  ]
}