{
  "cv_mcc_mean": 0.4715061028896336,
  "cv_mcc_std": 0.04454324866702819,
  "cv_scores": [
    0.4560905858146497,
    0.4853995342372835,
    0.54718607343257,
    0.41192509917380143,
    0.4569292217898634
  ]
}