{
  "cv_mcc_mean": 0.46908169431246866,
  "cv_mcc_std": 0.047921909629086684,
  "cv_scores": [
    0.4560905858146497,
    0.4853995342372835,
    0.54718607343257,
    0.39980305628797674,
    0.4569292217898634
  ]
}