{
  "cv_mcc_mean": 0.49584103210250774,
  "cv_mcc_std": 0.054056968723642795,
  "cv_scores": [
    0.5265221981600935,
    0.4995059761048645,
    0.5568877109021867,
    0.39628220185894264,
    0.5000070734864511
  ]
}